강의분류,강의명,조회수,조회수_숫자
건설업,[구독제] Creative TV,조회수 : 1881,1881
제조업,[구독제] ReaDT,조회수 : 280,280
의료,[구독제] LIFE+,조회수 : 211,211
건설업,리더의 말습관,조회수 : 10450,10450
건설업,MBTI 직장 사용 설명서,조회수 : 6124,6124
건설업,지속가능한 미래를 위한 ESG Report,조회수 : 6101,6101
제조업,대체불가 I가 되는 법,조회수 : 2969,2969
건설업,[GPT 업무자동화] 저는 ChatGPT가 있어 먼저 퇴근합니다,조회수 : 16438,16438
마케팅,THICK data,조회수 : 1802,1802
예술,나에게 돈을 벌어주는 마케팅 글쓰기 노하우,조회수 : 3339,3339
예술,데이터분석 및 관리를 위한 엑셀스킬실무,조회수 : 13321,13321
건설업,요즘 일잘러의 도구들,조회수 : 9654,9654
정보통신,귀농귀촌을 위한 꿀팁,조회수 : 271,271
과학 기술 서비스업,창업을 준비한다면 이것부터 알아두자,조회수 : 4150,4150
공급업,OTT 분야 직무: 1. 콘텐츠 제작/투자 - 콘텐츠 뒤의 사람들 OTT 이야기,조회수 : 1124,1124
제조업,구성과 편집 - 다큐멘터리 글쓰기,조회수 : 2226,2226
건설업,나만의 이모티콘 만들기 - 이모티콘 기획하기,조회수 : 10887,10887
건설업,공감에도 연습이 필요해,조회수 : 5244,5244
건설업,언어 감수성 향상 프로젝트,조회수 : 5347,5347
정보통신,제 2의 인생준비를 위한 자기관리 핵심정리,조회수 : 3746,3746
마케팅,[HD]모든 것을 답해주는 ChatGPT(챗GPT) 배우기,조회수 : 8514,8514
건설업,[How2업스킬] 스마트 실무자를 위한 데이터로 기획과 보고하기,조회수 : 1770,1770
건설업,매출 2배 높이는 인스타그램 마케팅,조회수 : 1609,1609
건설업,[오단기 2010~2019] 야근없는 직장생활을 위한 공대녀의 실전 엑셀-함수와 데이터 분석,조회수 : 2395,2395
예술,가상현실과 디지털 트윈,조회수 : 527,527
마케팅,일타강사 Job승제의 취업강의,조회수 : 283,283
제조업,다시 출근합니다 제2의 인생 - 꿈꾸는 내일(창업편),조회수 : 3681,3681
제조업,OTT 분야 직무: 3. 서비스 기획 및 운영 디자인(1) - 콘텐츠 뒤의 사람들 OTT 이야기,조회수 : 575,575
운수 및 창고업,<박나래의 복붙쇼> 사례 연구 - 숏폼 콘텐츠 기획 및 성공 사례 분석,조회수 : 2353,2353
의료,나만의 이모티콘 만들기 - 이모티콘 캐릭터 만들기,조회수 : 4095,4095
과학 기술 서비스업,리더십 크래프트,조회수 : 1735,1735
정보통신,끌리는 말투에는 비밀이 있다,조회수 : 7478,7478
제조업,김익한의 쓸모 있는 일상 공부법,조회수 : 3220,3220
마케팅,생성AI Moment,조회수 : 3598,3598
의료,[How2업스킬] 업무 성과를 바꾸는 빅데이터 분석과 활용,조회수 : 1184,1184
예술,핵심만 콕! 마케팅 기획의 핵심과 실행전략,조회수 : 663,663
건설업,[오단기 2010~2019] 야근없는 직장생활을 위한 공대녀의 실전 엑셀-실무 꿀팁,조회수 : 2116,2116
의료,홍춘욱 박사의 LIFE+ 재무전략,조회수 : 2014,2014
마케팅,3D프린팅 : 적층제조의 이해,조회수 : 250,250
운수 및 창고업,"직업에 대한 모든 썰, 직썰",조회수 : 128,128
건설업,일하고 싶은 조직 만들기 OKR + Digital HR,조회수 : 654,654
운수 및 창고업,[HD]네이버 blog(블로그) 제대로 배우기,조회수 : 2153,2153
과학 기술 서비스업,50대 은퇴 후 집에서 월 500만 원 버는 공부방 창업,조회수 : 4609,4609
운수 및 창고업,인생 2막을 꿈꾸는 중년을 위한 나만의 브랜드 런칭 클래스,조회수 : 1081,1081
예술,챗GPT로 날로 먹는 콘텐츠 마케팅 자동화 2 - 콘텐츠 자동화,조회수 : 1545,1545
예술,[HD]Python(파이썬)으로 코딩 제대로 배우기,조회수 : 662,662
건설업,OTT 분야 직무: 5. 앱개발 및 미디어개발 - 콘텐츠 뒤의 사람들 OTT 이야기,조회수 : 441,441
운수 및 창고업,고객을 끌어오는 SNS 마케팅,조회수 : 956,956
건설업,사이버폭력에 대한 법적 대처법 - 표현의 자유는 어디까지인가 사이버폭력,조회수 : 4582,4582
건설업,[HD]Google Office (구글 오피스) 제대로 배우기 (2021),조회수 : 595,595
건설업,나만의 이모티콘 만들기 - 이모티콘 텍스트 및 그림 그리기,조회수 : 3720,3720
건설업,4050을 위한 왕초보 포토샵 기초 강좌,조회수 : 1465,1465
공급업,트렌드 예보 : 요즘 핫한 것들,조회수 : 6058,6058
건설업,핵심만 콕! 재취업 준비와 성공전략,조회수 : 324,324
건설업,요즘 팀장,조회수 : 1234,1234
건설업,돈 걱정 없는 미래 준비 나에게 맞는 평생 업 찾기!,조회수 : 1488,1488
제조업,공(公)적인 말하기,조회수 : 2986,2986
제조업,유튜브의 시대,조회수 : 1259,1259
제조업,[HD]정보처리기능사 필기 1과목 전자계산기 일반 (2023년개정),조회수 : 406,406
운수 및 창고업,돈 걱정 없는 인생2막을 위한 화물운송종사자격시험 자격증따기,조회수 : 495,495
제조업,인공지능의 정의와 트렌드 - AI(인공지능) 서비스와 콘텐츠,조회수 : 10031,10031
건설업,[HD]최강의 무료 영상편집 Davinci Resolve(다빈치 리졸브) V17 Fusion 입문 Part.1,조회수 : 588,588
마케팅,[HD]누구나 쉽게 생산성을 높이는 Notion(노션) 데이터베이스 입문 - DB개념 및 사용법,조회수 : 1761,1761
운수 및 창고업,스마트폰 사진 곰손에서 금손으로! 전문가가 찍은 듯한 촬영 비법,조회수 : 1639,1639
제조업,핵심만 콕! 홍보의 핵심과 실행전략,조회수 : 397,397
건설업,종이 위에 사각사각 손글씨 + 다이어리 꾸미기,조회수 : 1153,1153
과학 기술 서비스업,인생 2막을 위한 실전 엑셀 활용 노하우,조회수 : 4417,4417
건설업,스마트 모빌리티 레시피,조회수 : 1840,1840
건설업,"면접의 모든 것, 면접 현장 중계 트루면접쇼",조회수 : 181,181
정보통신,블로그 왕초보 인생2막 기적만들기,조회수 : 3925,3925
제조업,OTT 분야 직무: 6. 마케팅 - 콘텐츠 뒤의 사람들 OTT 이야기,조회수 : 515,515
건설업,1인 콘텐츠 실제 제작하기 1 : 채널 개설 및 관리,조회수 : 3609,3609
제조업,나만의 이모티콘 만들기 - 이모티콘 제안하기,조회수 : 4645,4645
제조업,최소한의 ESG,조회수 : 2645,2645
제조업,나를 꽃피우는 직장생활,조회수 : 1314,1314
건설업,매 순간 흔들려도 매일 우아하게,조회수 : 2028,2028
건설업,매너가 사람을 만든다,조회수 : 3764,3764
마케팅,[GPT 활용역량] 척하면 착! ChatGPT 프롬프트 작성원리,조회수 : 4599,4599
예술,빅데이터 시대 기획의 모든 것,조회수 : 769,769
건설업,소상공인 신규 고객을 부르는 블로그 마케팅,조회수 : 848,848
건설업,4050 파워포인트 왕초보를 감동시킨 PPT 입문자 코스,조회수 : 2595,2595
과학 기술 서비스업,스마트제조 레시피,조회수 : 188,188
건설업,"일에 진심인 이들을 만나는 시간, 행복한 일(1)",조회수 : 151,151
건설업,6개월이면 매출 2배! 4050을 위한 인스타그램 마케팅 비법,조회수 : 1324,1324
건설업,OTT 분야 직무: 2. 콘텐츠 수/배급 - 콘텐츠 뒤의 사람들 OTT 이야기,조회수 : 444,444
건설업,<조재원의 색다른 체험기> 사례 연구 - 숏폼 콘텐츠 기획 및 성공 사례 분석,조회수 : 1493,1493
운수 및 창고업,낙향문사전 작가를 만나다 - 웹툰 웹소설 각색하기,조회수 : 546,546
예술,대기업도 따라하는 스타트업 히든 파워,조회수 : 544,544
운수 및 창고업,나는 진짜 일을 합니다,조회수 : 866,866
건설업,일터로 간 문해력,조회수 : 781,781
공급업,빈칸을 채우는 기획자의 습관,조회수 : 771,771
운수 및 창고업,인공지능(AI)이 주도하는 4차 산업혁명 시대,조회수 : 1695,1695
마케팅,빅데이터 시대 분석의 모든 것,조회수 : 769,769
제조업,럭셔리 디지털마케팅으로 내 브랜드 레벨업 시키기,조회수 : 559,559
제조업,[오단기 2010~2019] 야근없는 직장생활을 위한 공대녀의 실전 엑셀-보고서 고급 스킬,조회수 : 949,949
제조업,The NEW HR,조회수 : 114,114
정보통신,"일에 진심인 이들을 만나는 시간, 행복한 일(2)",조회수 : 31,31
운수 및 창고업,0원으로 시작해서 월급을 뛰어넘는 SNS 콘텐츠 만드는 비밀 with 미리캔버스,조회수 : 4524,4524
마케팅,이호선의 0세부터 100세까지 가족 처방전,조회수 : 1262,1262
공급업,2024 박문각 주택관리사 - 문제풀이 - 회계원리,조회수 : 15925,15925
건설업,긍정의 힘 슬기로운 셀프리더십,조회수 : 552,552
건설업,[주거복지사] 2024 주거복지사 시험대비(총론),조회수 : 795,795
제조업,세상에서 가장 쉬운 블로그 글쓰기,조회수 : 814,814
제조업,OTT 분야 직무: 3. 서비스 기획 및 운영 디자인(2) - 콘텐츠 뒤의 사람들 OTT 이야기,조회수 : 379,379
건설업,갑자기 비서가 생겼다! 나만의 AI 인턴 활용법,조회수 : 1955,1955
마케팅,콘텐츠 특허와 상표권 - 콘텐츠 상표,조회수 : 1332,1332
예술,[Hello DT!] 내 일을 바꾸는 파이썬 업무 자동화 - 입문편,조회수 : 463,463
제조업,웹툰 프로듀서를 위한 실전 만화기획 - 만화의 기획이란?,조회수 : 538,538
건설업,개인사업자와 중소상공인이 활용하는 SNS 마케팅,조회수 : 282,282
예술,탄소로운 식탁,조회수 : 5261,5261
건설업,리더의 공심전 Remaster,조회수 : 646,646
제조업,[HD]MS 오피스 2021 제대로 배우기 - Word 2021,조회수 : 325,325
건설업,미리캔버스로 디자인 고수 되기,조회수 : 1162,1162
건설업,저도 한마디 하겠습니다,조회수 : 557,557
운수 및 창고업,타로 한 달 배워서 단돈 2만 원으로 월 200만 원 벌기,조회수 : 2098,2098
건설업,다시 생각을 디자인하다,조회수 : 1661,1661
건설업,[HD]웹디자인기능사 자격증 따기 (실기) 2022 Part.4 기출유형풀이,조회수 : 219,219
제조업,AI시대의 필수 융합스킬 소프트스킬과 하드스킬을 조합하라,조회수 : 2179,2179
예술,[HD]GTQ 1급 자격증 따기 - 기출문제 (2022),조회수 : 659,659
건설업,[HD]누구나 쉽게 생산성을 높이는 Notion(노션) 데이터베이스 중급 - Part.2 테이블 컬럼 속성,조회수 : 273,273
건설업,[HD]No code(노코드)! AppSheet(앱시트)로 코딩없이 전문가 수준 앱 만들기 (입문) Part.1 기초 및 DB 용어,조회수 : 254,254
건설업,전문직 종사자를 위한 6개월만에 글로 매출 2배 올리기,조회수 : 602,602
정보통신,4050세대를 위한 유튜버 스마트폰으로 쉽고 빠르게 편집하기,조회수 : 1068,1068
예술,4050 파워포인트 왕초보를 감동시킨 PPT 중급자 코스,조회수 : 1234,1234
마케팅,노트에 빠지다,조회수 : 1404,1404
제조업,취미만 즐기면 누구나 혜택이 쏟아지는 정부공공기관 서포터즈로 거듭나기,조회수 : 910,910
정보통신,"일에 진심인 이들을 만나는 시간, 행복한 일(3)",조회수 : 42,42
예술,다시 출근합니다 제2의 인생 - 행복한 내일(창업편),조회수 : 479,479
마케팅,2024 박문각 주택관리사 - 문제풀이 - 민법,조회수 : 18323,18323
정보통신,In-Camera VFX의 이해 - 가상을 현실로 Virtual Studio의 모먼트,조회수 : 443,443
건설업,1인 콘텐츠 실제 제작하기 2 : 기획 및 제작,조회수 : 1223,1223
운수 및 창고업,천애협로 작가를 만나다 - 웹툰 웹소설 각색하기,조회수 : 549,549
마케팅,탄소로운 옷장,조회수 : 961,961
의료,70년대생이 운다,조회수 : 1958,1958
제조업,Deep Thinking,조회수 : 520,520
정보통신,그래서 인터널브랜딩,조회수 : 224,224
제조업,인공지능 레시피,조회수 : 866,866
운수 및 창고업,빅데이터 시대 운영의 모든 것,조회수 : 401,401
제조업,핵심만 콕! 시장분석 및 시장개척 실무,조회수 : 145,145
건설업,4050 파워포인트 왕초보를 감동시킨 PPT 상급자 코스,조회수 : 773,773
건설업,Photogrammetry 활용하기 - 준비 가이드,조회수 : 1011,1011
운수 및 창고업,중년을 위한 100프로 취업하기 프로젝트,조회수 : 8876,8876
건설업,창업의 모든 것 소상공인 살아남기 프로젝트,조회수 : 692,692
건설업,OTT 차세대 미디어로 성장하다 - 이제는 OTT 시대 OTT 플랫폼 이야기,조회수 : 302,302
제조업,1인 콘텐츠 실제 제작하기 3 : 콘텐츠 영상 편집,조회수 : 2219,2219
예술,스튜디오 창작 시스템의 이해 - 웹툰 산업 및 플랫폼의 변화 양상,조회수 : 475,475
제조업,권순우 기자의 수소 경제,조회수 : 1316,1316
건설업,거인의 어깨,조회수 : 443,443
건설업,개발자는 왜 안 된다고만 말할까,조회수 : 72,72
건설업,콘텐츠 권력의 시대,조회수 : 73,73
과학 기술 서비스업,AI in action,조회수 : 1900,1900
건설업,[HD]누구나 쉽게 생산성을 높이는 Notion(노션) 데이터베이스 고급 - Part.1 DB구축과 계산,조회수 : 583,583
제조업,(리프레시) 핵심만 콕! 마케팅 기획의 핵심과 실행전략,조회수 : 267,267
건설업,[오단기 2010~2019] 지금 바로 써먹는 피도리의 실전 파워포인트-기능 꿀팁,조회수 : 864,864
건설업,Photogrammetry 활용하기 - Reality Capture를 이용한 3D 모델링,조회수 : 1622,1622
제조업,아트스피치 기법을 활용한 3분 자기소개 (면접모임등),조회수 : 2441,2441
제조업,4050세대를 위한 무자본 1인지식창업 실전 노하우,조회수 : 3211,3211
제조업,돈의 역사,조회수 : 4937,4937
건설업,[주거복지사] 2024 주거복지사 시험대비,조회수 : 268,268
과학 기술 서비스업,핵심만 콕! 셀프 리더십과 팔로워십,조회수 : 318,318
제조업,OTT 산업 현황 분석 및 주요 직무 소개 - 콘텐츠 뒤의 사람들 OTT 이야기,조회수 : 394,394
예술,[소확성] 스피치소통디렉터 임정민의 진짜 어른의 대화법,조회수 : 502,502
건설업,취재와 촬영 - 다큐멘터리 글쓰기,조회수 : 894,894
건설업,엑셀을 활용한 업무자동화(ChatGPT활용),조회수 : 1898,1898
운수 및 창고업,웹소설 원작 웹툰으로 각색하기 - 웹툰 웹소설 각색하기,조회수 : 1015,1015
제조업,HRI ESG Report,조회수 : 240,240
제조업,보통 직장인을 위한 데이터 리터러시,조회수 : 474,474
건설업,회사를 살리는 유튜브+인스타그램 소셜미디어 마케팅,조회수 : 1093,1093
마케팅,공정한 보상,조회수 : 375,375
제조업,생각이란 무엇인가,조회수 : 929,929
건설업,핵심만 콕! 비즈니스 문서작성의 핵심과 실무 스킬,조회수 : 374,374
정보통신,콘텐츠가 전부다,조회수 : 177,177
제조업,[업스킬] 초보자도 따라하기 쉬운 영상 편집 올인원(프리미어 프로+애프터이펙트),조회수 : 288,288
제조업,내 손글씨로 저절로 돈이 들어오는 파이프라인 8개 비법 공개,조회수 : 638,638
제조업,[GPT 산업전망] ChatGPT가 궁극의 혁신이라 불리는 이유,조회수 : 699,699
마케팅,[HD]정보처리기능사 실기 2과목 프로그래밍언어 활용 (2023년개정) Part.1 C언어,조회수 : 113,113
운수 및 창고업,[HD]누구나 쉽게 생산성을 높이는 Notion(노션) 데이터베이스 중급 - Part.1 테이블 컬럼 속성,조회수 : 349,349
예술,[HD]GTQ 2급 자격증 따기 - 기출문제 (2022),조회수 : 348,348
제조업,고객 확보를 위한 페이드 광고 설정법,조회수 : 141,141
건설업,[HD]최강의 무료 영상편집 Davinci Resolve(다빈치 리졸브) V17 Fusion 입문 Part.2,조회수 : 172,172
공급업,[오단기 2010~2019] 지금 바로 써먹는 피도리의 실전 파워포인트-디자인 꿀팁,조회수 : 594,594
제조업,1시간 만에 완성하는 유튜브 영상 편집,조회수 : 1263,1263
공급업,Photogrammetry 활용하기 - Zbrush 리토폴리지 및 모델링 출력하기,조회수 : 885,885
건설업,세상에 하나뿐인 나만의 작품만들기,조회수 : 352,352
마케팅,신중년 재취업 면접 이미지메이킹 과정,조회수 : 2378,2378
제조업,4050 글로벌 온라인 시장 도전하기,조회수 : 445,445
건설업,구성안부터 완성까지 - 다큐멘터리 지식채널e 숏 콘텐츠 5분의 미학,조회수 : 584,584
마케팅,단편 애니메이션 스토리텔링 - 애니메이션 스토리텔링,조회수 : 881,881
제조업,웹툰 프로듀서를 위한 실전 만화기획 - 뚜렷한 주제와 정확한 로그라인 만들기,조회수 : 506,506
정보통신,브랜드 RE:BOOT,조회수 : 394,394
마케팅,일의 밀도,조회수 : 386,386
제조업,AI가 사무실에 Log-in했습니다,조회수 : 828,828
건설업,빅데이터와 비즈니스의 미래,조회수 : 424,424
예술,글자만 바꿔도 매출이 오르는 특이한 비결,조회수 : 145,145
건설업,[HD]기출문제 풀이로 배우는 ITQ 한글 (2023년),조회수 : 645,645
제조업,다시 출근합니다 제2의 인생 - 꿈꾸는 내일(전업편),조회수 : 2535,2535
제조업,방구석 해외 판매로 월급 만들기 [기초 과정],조회수 : 803,803
운수 및 창고업,2024 박문각 주택관리사 - 문제풀이 - 공동주택 시설개론,조회수 : 14121,14121
의료,[주거복지사] 2024 주거복지사 시험대비(실무와 적용),조회수 : 228,228
건설업,새로운 시대의 영상 예술이 되다_자크 킹(Zach King) - Q&A로 알아보는 창의적 영상의 세계,조회수 : 486,486
제조업,신노년층 오팔(OPAL)세대를 위한 미디어 이용가이드 - 연령별 미디어 이용 가이드,조회수 : 777,777
건설업,웹툰 프로듀서를 위한 실전 만화기획 - 작품 기획에 들어가며(O이 되는 이야기 만들기),조회수 : 520,520
건설업,글로벌 비즈니스 인사이트,조회수 : 249,249
건설업,일꾼의 말,조회수 : 323,323
건설업,도와줘! AI툴,조회수 : 2294,2294
공급업,[HD]누구나 쉽게 생산성을 높이는 Notion(노션) 데이터베이스 고급 - Part.2 DB구축과 계산,조회수 : 207,207
예술,좋은 서비스의 비밀 UX Writing,조회수 : 171,171
제조업,[HD]기출문제 풀이로 배우는 ITQ Excel (2023년),조회수 : 305,305
제조업,새로 시작하는 자들을 위한 온보딩,조회수 : 2591,2591
마케팅,중년을 위한 1년 안에 인세받는 출간작가 되기! [입문편],조회수 : 3066,3066
제조업,2024 박문각 주택관리사 - 모의고사 - 민법,조회수 : 3767,3767
제조업,주거복지사 보수교육(2021년 제3회),조회수 : 103,103
건설업,새로운 시대의 영상 예술이 되다_자크 킹(Zach King) - 디지털 시대의 새로운 영상 마술사,조회수 : 985,985
운수 및 창고업,표현의 자유와 책임의 문제 - 표현의 자유는 어디까지인가 사이버폭력,조회수 : 1930,1930
공급업,웹툰 회사에서는 어떤 일을 할까? - 웹툰 회사 이런 일을 해요: IP 확장,조회수 : 409,409
운수 및 창고업,블록체인 혁명,조회수 : 118,118
건설업,라떼의 직장생활 상담소,조회수 : 1212,1212
과학 기술 서비스업,AI를 음악 프로듀싱에 어떻게 이용할 수 있을까? - AI를 적용한 사운드 콘텐츠 알아보기,조회수 : 1669,1669
정보통신,사례로 보고 따라하는 경매투자(빌라상가편),조회수 : 534,534
예술,로그분석 - 지표의 필요성과 정의,조회수 : 743,743
제조업,[HD]모임 SNS에 최적화된 네이버 band(밴드) 제대로 배우기,조회수 : 224,224
과학 기술 서비스업,핵심만 콕! 외부 리스크에 대응하는 기업 마케팅,조회수 : 82,82
과학 기술 서비스업,회계지만 괜찮아,조회수 : 747,747
과학 기술 서비스업,챗GPT로 날로 먹는 콘텐츠 마케팅 자동화 3 - 마케팅 자동화와 실습,조회수 : 494,494
제조업,[Hello DT!] 내 일을 바꾸는 파이썬 업무 자동화 - 실전편,조회수 : 315,315
제조업,사업 확장과 신용 관리,조회수 : 305,305
제조업,[HD]Facebook(페이스북) 마케팅 제대로 배우기,조회수 : 118,118
건설업,돈을 부르는 첫 걸음 인스타그램 운영 초급 과정,조회수 : 699,699
제조업,2024 Excel을 활용한 현금흐름표작성 및 분석실무,조회수 : 217,217
정보통신,4050을 위한 왕초보 포토샵 레벨업 강좌,조회수 : 554,554
과학 기술 서비스업,[주거복지사] 2023 주거복지사 시험대비,조회수 : 140,140
건설업,강연으로 부수입 만들기 - 초급 편,조회수 : 272,272
예술,시즌제 드라마 CASE STUDY : 검법남녀 - 이유 있는 시즌 드라마의 성공법칙,조회수 : 438,438
운수 및 창고업,[HD]정보처리기능사 실기 2과목 프로그래밍언어 활용 (2023년개정) Part.2 JAVA,조회수 : 64,64
예술,1인 크리에이터라면 알아야 할 저작권 기본 이해- 1인 크리에이터를 위한 저작권 노하우,조회수 : 1246,1246
예술,[HD]GTQ 3급 자격증 따기 - 기출문제 (2022),조회수 : 248,248
건설업,웹툰 회사 이런 일을 해요: 웹툰 산업 차별화 전략 - 웹툰 회사에서는 어떤 일을 할까?,조회수 : 437,437
건설업,[HD]No code(노코드)! AppSheet(앱시트)로 코딩없이 전문가 수준 앱 만들기 (입문) Part.2 기본키와 뷰,조회수 : 73,73
건설업,콘텐츠 트렌드 SPO,조회수 : 226,226
제조업,부와 권력이 있을地圖,조회수 : 259,259
마케팅,40.50대가 3일만에 마스터하는 매출증가 영상편집 비법,조회수 : 229,229
공급업,40~50대가 집에서 만들 수 있는 간단한 칵테일,조회수 : 491,491
마케팅,인공지능 서비스와 발전방향 - AI(인공지능) 서비스와 콘텐츠,조회수 : 5422,5422
운수 및 창고업,로그분석 - 분석 실습,조회수 : 554,554
정보통신,핵심만 콕! 회사의 가치를 높여주는 홍보전략,조회수 : 147,147
예술,[HD]기출문제 풀이로 배우는 ITQ PowerPoint (2023년),조회수 : 184,184
건설업,인생 재도약 전직지원 서비스,조회수 : 682,682
예술,살맛나는 인생 역전 개인택시,조회수 : 196,196
건설업,2024 박문각 주택관리사 - 모의고사 - 회계원리,조회수 : 3675,3675
제조업,[주거복지사] 주택정책과 금융,조회수 : 149,149
운수 및 창고업,시즌제 드라마 기획의 노하우 - 이유 있는 시즌 드라마의 성공법칙,조회수 : 603,603
건설업,1강 방송영상 콘텐츠의 다문화 수용성,조회수 : 1169,1169
운수 및 창고업,웹툰 회사 이런 일을 해요: 해외사업 - 웹툰 회사에서는 어떤 일을 할까?,조회수 : 502,502
제조업,비즈니스 모델의 트렌드 ESG,조회수 : 217,217
정보통신,커리어 빌드업의 기술 커넥팅,조회수 : 149,149
제조업,4차 산업혁명 AI 딥 러닝 그리고 뉴 콘텐츠 - AI를 적용한 사운드 콘텐츠 알아보기,조회수 : 1899,1899
예술,로그분석 - 설계 실습,조회수 : 555,555
건설업,당신의 매출을 2배 높여주는 이메일 마케팅 비법 공개,조회수 : 237,237
정보통신,[HD]기출문제 풀이로 배우는 ITQ Access (2023년),조회수 : 125,125
예술,[HD]취업 준비를 위한 OA (Excel) 실무 2023 (오피스365 활용) Part.1,조회수 : 531,531
과학 기술 서비스업,식당 창업자 및 관리자가 꼭 알아야 하는 노무 관리 포인트,조회수 : 178,178
마케팅,주거복지사 보수교육(2023년),조회수 : 87,87
예술,왜 시즌 드라마인가? - 이유 있는 시즌 드라마의 성공법칙,조회수 : 401,401
건설업,1인 콘텐츠 실제 제작하기 4 : 콘텐츠 업로드 및 관리,조회수 : 1072,1072
제조업,웹툰 회사에서는 어떤 일을 할까? - 웹툰 회사 소개,조회수 : 498,498
건설업,밀레니얼 마켓 Ⅰ,조회수 : 132,132
공급업,낀세대의 전쟁과 평화,조회수 : 1018,1018
건설업,인공지능이란? - 인공지능 기술에 대한 소개,조회수 : 3625,3625
건설업,로그분석 - 지표의 종류,조회수 : 618,618
제조업,위기극복 방정식 RE:티핑포인트,조회수 : 117,117
건설업,[HD]기출문제 풀이로 배우는 ITQ Word (2023년),조회수 : 108,108
제조업,[HD]취업 준비를 위한 OA (Excel) 실무 2023 (오피스365 활용) Part.2,조회수 : 223,223
제조업,온라인쇼핑몰 창업 및 관련 세금 독파하기,조회수 : 290,290
제조업,2024 박문각 주택관리사 - 문제풀이 - 주택관리 관계법규,조회수 : 4738,4738
건설업,주거복지사 보수교육(2024년),조회수 : 64,64
제조업,자료조사부터 가구성안까지 - 다큐멘터리 지식채널e 숏 콘텐츠 5분의 미학,조회수 : 422,422
제조업,다큐멘터리 영화 스토리텔링 - 다큐멘터리 영화 기획과 스토리텔링,조회수 : 673,673
마케팅,도시 농부되어 월 300 농지연금 받기 노하우,조회수 : 296,296
정보통신,웹툰 회사에서는 어떤 일을 할까? - 웹툰 회사 이런 일을 해요: 스튜디오 제작 시스템,조회수 : 301,301
운수 및 창고업,손경이의 ‘세대를 아우르는 관계의 힘’,조회수 : 413,413
제조업,혁신의 넥스트 레벨 DX-DNA,조회수 : 94,94
건설업,나를 일으키는 Higher Power,조회수 : 1049,1049
의료,AI시대 똑똑한 사람은 어떻게 생각하고 질문하는가,조회수 : 728,728
건설업,[HD]공공 데이터 (오픈 데이터) API 제대로 배우기 Part.2 JAVA JSP,조회수 : 58,58
정보통신,공연을 위한 뉴미디어 사용 2 - 가상현실과 인공지능 - 뉴미디어 테크놀로지를 활용한 공연 제작,조회수 : 543,543
정보통신,관상경영학,조회수 : 370,370
건설업,매력적인 서비스의 비결 UX Writing,조회수 : 73,73
건설업,[HD]MS 오피스 2021 제대로 배우기 - Excel 2021 (기초),조회수 : 227,227
운수 및 창고업,[HD]기출문제 풀이로 배우는 ITQ 인터넷 (2023년),조회수 : 99,99
건설업,왕 초보도 포토샵 없이 뚝딱! 돈 되는 미리캔버스 이미지 만들기,조회수 : 726,726
제조업,[HD]취업 준비를 위한 OA (PowerPoint) 실무 2023 (오피스365 활용) Part.1,조회수 : 164,164
운수 및 창고업,준비부터 배송까지 알려주는 왕초보들을 위한 의류 쇼핑몰 강의 (feat.스마트스토어),조회수 : 257,257
의료,우리 동네 1등 매장 만들기,조회수 : 201,201
건설업,[HD]정보처리기능사 필기 2과목 패키지 활용 (2023년개정),조회수 : 160,160
건설업,2025 [사회복지사:1교시] 인간행동과 사회환경 (이론과정)(이수천),조회수 : 4251,4251
제조업,[HD]No code(노코드)! AppSheet(앱시트)로 코딩없이 전문가 수준 앱 만들기 (입문) Part.3 컬럼 타입,조회수 : 65,65
마케팅,콘텐츠 산업에서 바라본 VR,조회수 : 528,528
운수 및 창고업,야 너두 프리미어로 유튜브 뽐나게 편집할 수 있어,조회수 : 217,217
정보통신,인권침해에 관한 규제 법안 심의 사례 - 제작자의 필수조건 제작윤리의 모든 것,조회수 : 3023,3023
제조업,4050 활력을 증진하는 기능회복운동 - 기능 회복 운동,조회수 : 213,213
의료,웹툰 회사에서는 어떤 일을 할까? - 웹툰 회사 이런 일을 해요: 직군 및 회사 특장점,조회수 : 462,462
마케팅,기후의 습격 새로운 富의 기회,조회수 : 766,766
건설업,인공지능기술 활용사례 - 게임 서비스와 테스트 분야,조회수 : 554,554
건설업,류재언 변호사의 협상전략,조회수 : 1394,1394
제조업,[HD]취업 준비를 위한 OA (PowerPoint) 실무 2023 (오피스365 활용) Part.2,조회수 : 61,61
마케팅,중년을 위한 1년 안에 인세받는 출간작가 되기! [지금당장 실전편&심화편],조회수 : 474,474
제조업,2024 박문각 [공인중개사:1차] 민법 및 민사특별법 (개념완성),조회수 : 8725,8725
건설업,버추얼 스튜디오의 제작기술 이해 - 가상을 현실로 Virtual Studio의 모먼트,조회수 : 483,483
예술,장르별 다른 내레이션 쓰는 법 - 다큐멘터리 글쓰기,조회수 : 1412,1412
제조업,웹툰 회사 이런 일을 해요: 노블코믹스 웹툰 OST - 웹툰 회사에서는 어떤 일을 할까?,조회수 : 299,299
건설업,메타트렌드 : 패러다임의 전환,조회수 : 81,81
정보통신,인공지능기술 활용사례 - 게임 기획/개발 분야,조회수 : 1999,1999
건설업,[HD]취업 준비를 위한 OA (Word) 실무 2023 (오피스365 활용),조회수 : 124,124
운수 및 창고업,창업자라면 반드시 체크해야 하는 인사 노무 관리 포인트,조회수 : 209,209
제조업,2024 박문각 [공인중개사:1차] 부동산학개론 (개념완성),조회수 : 5335,5335
제조업,K-OTT 플랫폼 성공전략과 방향 - 이제는 OTT 시대 OTT 플랫폼 이야기,조회수 : 319,319
건설업,팩트체크 - 진실 혹은 거짓 미디어리터러시,조회수 : 721,721
과학 기술 서비스업,메타트렌드 LAB,조회수 : 80,80
건설업,[HD]취업준비 시작하자 - MOS 자격증 따기 (MS Outlook 2016),조회수 : 72,72
건설업,창업하기 전 사업 구상은 철저하게,조회수 : 271,271
제조업,[핵집]전기기능사_전기이론,조회수 : 4072,4072
마케팅,국내 OTT 현황과 미디어 전쟁 - 이제는 OTT 시대 OTT 플랫폼 이야기,조회수 : 278,278
운수 및 창고업,콘텐츠 특허와 상표권 - 콘텐츠 특허 Ⅱ,조회수 : 820,820
정보통신,쓰레기의 역습,조회수 : 836,836
건설업,다시 출근합니다 제2의 인생 - 행복한 내일(전업편),조회수 : 1767,1767
제조업,1인 플랫폼! 네이버카페로 수익화하는 운영 비법,조회수 : 262,262
마케팅,2024 박문각 [공인중개사:1차] 민법 및 민사특별법 (문제풀이),조회수 : 4984,4984
정보통신,EDIUS 9버전에 추가된 기능 알아보기 - EDIUS 실무활용을 위한 이펙트 강좌,조회수 : 513,513
정보통신,뉴스 스토리와 영상을 입다,조회수 : 857,857
제조업,올댓키워드,조회수 : 57,57
과학 기술 서비스업,[HD]취업준비 시작하자 - MOS 자격증 따기 (MS Access 2016),조회수 : 100,100
건설업,무자본 1인지식창업 올인원 입문특강,조회수 : 521,521
운수 및 창고업,2025 [사회복지사:1교시] 사회복지조사론 (이론과정)(이수천),조회수 : 1830,1830
제조업,FRAPA 포맷 바이블 - Format Protection Methodology_Powered by FRAPA,조회수 : 435,435
예술,프로그램 기획하기 - 다큐멘터리 글쓰기,조회수 : 2492,2492
운수 및 창고업,[HD]취업준비 시작하자 - MOS 자격증 따기 (MS Excel 2016 Core),조회수 : 84,84
정보통신,주린이의 주식 첫걸음 터틀 트레이딩,조회수 : 423,423
운수 및 창고업,방구석 해외 판매로 월급 만들기 [심화 과정],조회수 : 183,183
건설업,(리프레시) 핵심만 콕! 고객지향 마인드와 실행전략,조회수 : 92,92
공급업,AI 초격차 시대! 미래 비즈니스로의 접근 - 이론편,조회수 : 172,172
정보통신,FRAPA 포맷 바이블 - 한국 포맷 바이블 작성의 이해,조회수 : 412,412
제조업,쉽고 빠르게 배우는 파이썬[기초편],조회수 : 418,418
건설업,계약과 법률 - 원천창작자를 위한 글로벌 계약서 작성법,조회수 : 520,520
제조업,누구나 할 수 있는 UX design 시작하기,조회수 : 104,104
제조업,[HD]취업준비 시작하자 - MOS 자격증 따기 (MS Excel 2016 Expert),조회수 : 69,69
마케팅,[HD]MS 오피스 2021 제대로 배우기 - Excel 2021 (활용),조회수 : 163,163
건설업,월급 외 월200 버는 무인아이스크림 창업 꿀팁,조회수 : 135,135
예술,핵심만 콕! 비즈니스 글쓰기와 보고서 작성 노하우,조회수 : 237,237
건설업,2024 박문각 주택관리사 - 모의고사 - 공동주택 시설개론,조회수 : 2681,2681
운수 및 창고업,강연으로 부수입 만들기 - 중급 편,조회수 : 66,66
마케팅,새로운 시대의 영상 예술이 되다_김성욱 감독 - 메인스트림 뮤직비디오 제작,조회수 : 593,593
마케팅,[HD]웹디자인기능사 자격증 따기 (실기) 2022 Part.1 CSS,조회수 : 120,120
공급업,핑크퐁 아기상어 - 국내 애니메이션 해외진출과 성공사례,조회수 : 483,483
건설업,[HD]파이널컷프로(맥) 제대로 배우기 (기초),조회수 : 79,79
예술,[HD]취업준비 시작하자 - MOS 자격증 따기 (MS PowerPoint 2016),조회수 : 25,25
운수 및 창고업,4050을 위한 유튜브로 행복 더하기,조회수 : 255,255
공급업,사업자가 알아야 할 지원금: 사장님의 돈을 지켜드립니다,조회수 : 118,118
운수 및 창고업,4050 활력을 증진하는 기능회복운동 - 몸풀기 운동,조회수 : 125,125
공급업,2024 박문각 주택관리사 - 문제풀이 - 공동주택 관리실무,조회수 : 3235,3235
건설업,새로운 시대의 영상 예술이 되다_김성욱 감독 - 뮤직비디오 예술로의 진화를 위한 도약,조회수 : 464,464
제조업,허위조작정보 - 진실 혹은 거짓 미디어리터러시,조회수 : 594,594
건설업,[HD]취업준비 시작하자 - MOS 자격증 따기 (MS Word 2016 Core),조회수 : 64,64
과학 기술 서비스업,사업자가 직원 뽑을 때 알아야 할 노동법: 사장님의 돈을 지켜드립니다,조회수 : 123,123
건설업,2025 [사회복지사:2교시] 지역사회복지론 (이론과정)(이상혁),조회수 : 1489,1489
운수 및 창고업,콘텐츠 특허와 상표권 - 콘텐츠 특허 Ⅰ,조회수 : 828,828
건설업,[HD]취업준비 시작하자 - MOS 자격증 따기 (MS Word 2016 Expert),조회수 : 46,46
제조업,망하지 않는 작은 식당 창업 실전 준비 전략,조회수 : 208,208
건설업,노후대비가 가능한 사회복지사 자격증에 대한 모든 것,조회수 : 1302,1302
정보통신,2강 콘텐츠 제작을 위한 다문화 수용성,조회수 : 811,811
건설업,신중년 모바일 쇼호스트 입문과정,조회수 : 871,871
건설업,소상공인 사업주라면 반드시 알아야 하는 카카오톡 채널,조회수 : 104,104
제조업,1인 크리에이터를 위한 저작권 노하우 - 1인 크리에이터를 위한 창작 시 저작권 관련 주의사항(2),조회수 : 864,864
정보통신,시니어 재취업 자격증 완전정복 - 국민내일배움카드편,조회수 : 50362,50362
과학 기술 서비스업,장사에서 사업으로(브랜딩),조회수 : 161,161
마케팅,2024 박문각 [공인중개사:1차] 부동산학개론 (문제풀이),조회수 : 3869,3869
예술,5G 콘텐츠와 비즈니스 모델 - 5G 시대 콘텐츠 트렌드 및 BM,조회수 : 531,531
제조업,시니어 재취업 자격증 완전정복 - 경비·시설 분야편,조회수 : 11503,11503
건설업,초보 셀러가 꼭 알아야 할 상표와 저작권,조회수 : 443,443
정보통신,2024 박문각 [공인중개사:2차] 부동산공법 (개념완성),조회수 : 2600,2600
예술,MCN 비즈니스 전략 4 : 웹모바일 동영상 사업자의 향후 과제 - 수익모델의 강화,조회수 : 523,523
제조업,시니어 재취업 자격증 완전정복 - 돌봄 분야편,조회수 : 11161,11161
건설업,소상공인을 위한 상표가이드 등록편,조회수 : 2129,2129
건설업,2024 박문각 주택관리사 - 모의고사 - 주택관리 관계법규,조회수 : 1172,1172
공급업,게임인 인터뷰: 1. 종합 플랫폼사 인사 직무,조회수 : 777,777
건설업,[서울시어르신취업지원센터] 바리스타 2급 온라인교육,조회수 : 26018,26018
제조업,[3분IP창업]비즈니스 모델링,조회수 : 2943,2943
제조업,뉴스 소비 방식의 진화 - 뉴스콘텐츠의 진화와 생태계,조회수 : 338,338
제조업,시니어 재취업 자격증 완전정복 - 운전 분야편,조회수 : 8331,8331
운수 및 창고업,[3분IP창업]스타트업 창업 트렌드와 기업가 정신,조회수 : 3423,3423
운수 및 창고업,뉴스란 무엇인가 - 뉴스콘텐츠의 진화와 생태계,조회수 : 558,558
건설업,경매 초보 탈출! 지분 경매 길라잡이,조회수 : 383,383
마케팅,시니어 재취업 자격증 완전정복 - 사무직 분야편,조회수 : 13206,13206
건설업,[어쩌다 직장인] 김경일의 슬기로운 직장생활,조회수 : 1275,1275
마케팅,[3분IP창업]IP디딤돌프로그램 교육 안내,조회수 : 2901,2901
건설업,AI 혁신! 현장에서 바로 쓰는 실전 비즈니스 모델 -  실전편,조회수 : 206,206
공급업,2024 박문각 주택관리사 - 모의고사 - 공동주택 관리실무,조회수 : 1131,1131
건설업,보통 직장인을 위한 데이터 분석,조회수 : 134,134
정보통신,드라마 다큐멘터리 예능 등의 동시녹음 운용 - Real Sound : 동시녹음의 세계,조회수 : 580,580
의료,[HD]Mac 사용자를 위한 스프레드시트 Numbers 11 Part.1,조회수 : 88,88
의료,[서울시어르신취업지원센터] 취업 진단도구 활용법,조회수 : 5722,5722
정보통신,[HD]줌 (zoom)을 활용한 화상회의 및 온라인강의 배우기,조회수 : 189,189
공급업,소상공인을 위한 상표가이드 분쟁편,조회수 : 1185,1185
마케팅,누구나 쉽게 무자본으로 돈 버는 취미생활 캘리그라피,조회수 : 457,457
건설업,[HD]웹디자인기능사 자격증 따기 (실기) 2022 Part.2 jQuery,조회수 : 51,51
제조업,리얼리티쇼 분야 - 예능작가 실무 노하우,조회수 : 405,405
과학 기술 서비스업,[HD]최강의 무료 영상편집 Davinci Resolve(다빈치 리졸브) V17 Fusion 입문 Part.3,조회수 : 68,68
건설업,[서울시어르신취업지원센터] 슬기로운 직장생활,조회수 : 9414,9414
예술,당신의 인생은 최고의 컨텐츠 오~래 가는 크리에이터 연금 받는 유튜버가 되자,조회수 : 180,180
건설업,2025 [사회복지사:2교시] 사회복지실천기술론 (이론과정)(이상혁),조회수 : 979,979
의료,[ASMR러닝] 직장인의 10분 힐링 요리 수미네반찬 x 브롱부부,조회수 : 490,490
정보통신,미디어 감수성 - 제작자의 필수조건 제작윤리의 모든 것,조회수 : 625,625
정보통신,[서울시어르신취업지원센터] 방역원 교육(입문),조회수 : 6891,6891
예술,[핵집]전기기능사_전기기기,조회수 : 1665,1665
제조업,새로운 감수성의 시대 입체적인 캐릭터 만들기,조회수 : 613,613
마케팅,[서울시어르신취업지원센터] 직장 내 의사소통법 교육,조회수 : 22854,22854
운수 및 창고업,[핵집]전기기능사_전기설비,조회수 : 1279,1279
운수 및 창고업,신비아파트 - 국내 애니메이션 해외진출과 성공사례,조회수 : 366,366
의료,[서울시어르신취업지원센터] 온라인 취업준비교육,조회수 : 29573,29573
건설업,애니메이션 스토리텔링 - 장편 애니메이션 스토리텔링,조회수 : 354,354
정보통신,[서울시어르신취업지원센터] 채용 지원서류 작성법 교육,조회수 : 9001,9001
제조업,2025 [사회복지사:3교시] 사회복지정책론 (이론과정)(이수천),조회수 : 829,829
과학 기술 서비스업,클라우드 서버 세팅과 문제 대응 및 Appendix - 게임 클라우드 서비스 실무,조회수 : 436,436
예술,[서울시어르신취업지원센터] 재취업6하원칙,조회수 : 8536,8536
예술,2024 박문각 [공인중개사:2차] 부동산공법 (문제풀이),조회수 : 1576,1576
건설업,혼합현실(MR)및 실감콘텐츠의 제작과 사례 - 아트앤테크닉:무대기술,조회수 : 517,517
건설업,[서울시어르신취업지원센터] 커피학교 핸드드립 이론,조회수 : 11161,11161
건설업,2024 박문각 [공인중개사:2차] 부동산세법 (개념완성),조회수 : 1680,1680
마케팅,3강 다문화 관련 가이드라인 심의 규정 및 법령,조회수 : 1017,1017
제조업,[서울시어르신취업지원센터] 커피학교 바리스타 스킬업,조회수 : 13060,13060
정보통신,게임 사운드 단계별 제작 과정 - 게임 사운드 디자인,조회수 : 334,334
제조업,[서울시어르신취업지원센터] 도보배달원 훈련,조회수 : 6892,6892
건설업,2024 박문각 [공인중개사:2차] 부동산공시법 (개념완성),조회수 : 1575,1575
예술,게임 사운드 디자인은 어떻게? - 게임 사운드 디자인,조회수 : 417,417
건설업,[서울시어르신취업지원센터] 커피학교 핸드드립 실기,조회수 : 9182,9182
건설업,2024 박문각 [공인중개사:2차] 부동산중개사법 및 중개실무 (문제풀이),조회수 : 1470,1470
운수 및 창고업,1인 크리에이터를 위한 저작권 노하우 - 1인 크리에이터를 위한 창작 시 저작권 관련 주의사항(1),조회수 : 772,772
공급업,[서울시어르신취업지원센터] 슬기로운 노무생활,조회수 : 8384,8384
건설업,2025 [사회복지사:2교시] 사회복지실천론 (이론과정)(이상혁),조회수 : 897,897
제조업,1인 크리에이터를 위한 저작권의 보호(구제)와 계약 - 1인 크리에이터를 위한 저작권 노하우,조회수 : 1207,1207
공급업,[서울시어르신취업지원센터] 웨딩쇼퍼 훈련,조회수 : 6358,6358
과학 기술 서비스업,2025 [사회복지사:3교시] 사회복지행정론 (이론과정)(이수천),조회수 : 677,677
마케팅,5G 이동통신과 콘텐츠 산업 - 5G 시대 콘텐츠 트렌드 및 BM,조회수 : 671,671
제조업,2024 박문각 [공인중개사:2차] 부동산공시법 (문제풀이),조회수 : 1477,1477
과학 기술 서비스업,김현의 시 처방전,조회수 : 128,128
운수 및 창고업,K-Pop 아티스트 해외진출을 위한 노력과 성공 요인 - K-Pop 아티스트 해외진출 성공전략,조회수 : 444,444
의료,4060세대를 위한 쉬운 블로그 첫걸음,조회수 : 452,452
건설업,2024 박문각 [공인중개사:2차] 부동산세법 (문제풀이),조회수 : 1750,1750
제조업,보통 직장인을 위한 데이터 활용,조회수 : 291,291
제조업,K-Pop 해외진출 성공 사례 - K-Pop 아티스트 해외진출 성공전략,조회수 : 395,395
제조업,[HD]Mac 사용자를 위한 스프레드시트 Numbers 11 Part.2,조회수 : 53,53
마케팅,2024 박문각 [공인중개사:2차] 부동산중개사법 및 중개실무 (개념완성),조회수 : 1609,1609
공급업,금쪽같은 직장인을 위한 디자인 및 개발 실무 용어사전,조회수 : 71,71
정보통신,MCN 비즈니스 전략 1 : 미디어 시장 환경의 변화,조회수 : 547,547
정보통신,디지털 시대 인생 플랜B 실행하기1 PDF 전자책으로 평생소득원 만들기,조회수 : 396,396
제조업,요양보호사_요양보호와 인권,조회수 : 882,882
마케팅,[HD]웹디자인기능사 자격증 따기 (실기) 2022 Part.3 그래픽,조회수 : 117,117
예술,MCN 비즈니스 전략 2 : MCN 사업자들의 대응 - 수익모델 절실히 찾기,조회수 : 386,386
운수 및 창고업,[HD]최강의 무료 영상편집 Davinci Resolve(다빈치 리졸브) V17 Fusion 입문 Part.4,조회수 : 62,62
운수 및 창고업,쉽고 간단하게 나만의 유튜브 채널 만들기,조회수 : 145,145
공급업,MCN 비즈니스 전략 3 : 기존 사업자들의 대응 - 웹모바일에 적응하기,조회수 : 544,544
건설업,[소확성] 건강식이 만드는 저절로 다이어트 채소과일식의 모든 것,조회수 : 187,187
마케팅,[핵집]전기기능사(실기),조회수 : 1491,1491
과학 기술 서비스업,Q&A로 알아보는 기술감독의 역할과 기술경영,조회수 : 450,450
제조업,2025 [사회복지사:3교시] 사회복지법제와 실천 (이론과정)(이상혁),조회수 : 583,583
정보통신,게임 산업의 이해와 직무,조회수 : 602,602
과학 기술 서비스업,[사회복지사:2교시] 사회복지실천론 (기출문제풀이),조회수 : 644,644
제조업,게임인 인터뷰: 6. 게임 개발사 재무 직무,조회수 : 425,425
제조업,요양보호사_모의고사(김영선),조회수 : 328,328
과학 기술 서비스업,공연무대 연출의 발전과 전망 - 아트앤테크닉:무대기술,조회수 : 453,453
제조업,요양보호사_상황별 요양보호기술,조회수 : 421,421
건설업,공연을 위한 뉴미디어 사용 1 - 로봇공학과 비디오 맵핑 - 뉴미디어 테크놀로지를 활용한 공연 제작,조회수 : 408,408
건설업,[사회복지사:1교시] 사회복지조사론 (기출문제풀이),조회수 : 652,652
운수 및 창고업,뮤지컬 장르의 이해 - Showtune Vs. Pop Music 뮤지컬음악과 대중음악의 발전사,조회수 : 617,617
건설업,[사회복지사:1교시] 인간행동과 사회환경 (기출문제풀이),조회수 : 530,530
건설업,배리어프리 관련 직업탐구 2 - 콘텐츠산업 내 배리어프리,조회수 : 466,466
제조업,요양보호사_노화와 건강증진,조회수 : 420,420
건설업,스튜디오 창작 사례 - 스튜디오 창작 시스템의 이해,조회수 : 307,307
제조업,[사회복지사:3교시] 사회복지행정론 (기출문제풀이),조회수 : 457,457
제조업,스튜디오 창작 시스템의 확대 요인 - 스튜디오 창작 시스템의 이해,조회수 : 325,325
제조업,[사회복지사:2교시] 사회복지실천기술론 (기출문제풀이),조회수 : 192,192
정보통신,실제 작업했던 사례의 Work Process - 아트앤테크닉:무대기술,조회수 : 313,313
운수 및 창고업,[사회복지사:2교시] 지역사회복지론 (기출문제풀이),조회수 : 188,188
공급업,애니메이션 스토리텔링 - VR 애니메이션 스토리텔링,조회수 : 354,354
운수 및 창고업,[사회복지사:3교시] 사회복지법제와 실천 (기출문제풀이),조회수 : 183,183
건설업,자신 있게 체결하는 게임 퍼블리싱 계약 - 단계별 각 당사자의 권리와 의무,조회수 : 391,391
건설업,[사회복지사:3교시] 사회복지정책론 (기출문제풀이),조회수 : 555,555
제조업,장르에 대한 이해 - 장르별 대표 사례로 보는 게임 기획,조회수 : 408,408
예술,요양보호사_요양보호와 생활지원,조회수 : 608,608
건설업,클라우드 서버를 활용한 게임 서비스 - 게임 클라우드 서비스 실무,조회수 : 409,409
건설업,클라우드 소개 - 클라우드 컴퓨팅 - 게임 클라우드 서비스 실무,조회수 : 552,552
정보통신,턴방식 게임의 이해 <히어로즈 오브 마이트 앤 매직> - 장르별 대표 사례로 보는 게임 기획,조회수 : 415,415
건설업,토크쇼 분야 - 예능작가 실무 노하우,조회수 : 343,343
공급업,게임 사운드란? - 게임 사운드 디자인,조회수 : 363,363
건설업,UHD 오디오를 위한 MPEG-H 활용 - 3D 오디오 마이킹과 제작의 이해,조회수 : 332,332
제조업,UHD 오디오를 위한 MPEG-H 활용 - MPEG-H 제작에 필요한 오소링과 모니터링,조회수 : 433,433
건설업,UHD 오디오를 위한 MPEG-H 활용 - MPEG-H의 기능과 이해,조회수 : 423,423
운수 및 창고업,뮤직카우 사례를 통해 알아보는 조각투자 시장,조회수 : 58,58
운수 및 창고업,UHD 오디오를 위한 MPEG-H 활용 - 방송사운드의 역사와 MPEG-H 도입,조회수 : 341,341
예술,박세리의 인생수업 러프에 서면 또 다른 길이 보인다,조회수 : 439,439
건설업,게임 트레일러 제작 - 기획단계,조회수 : 419,419
제조업,구글 애널리틱스로 데이터 분석하기,조회수 : 477,477
의료,게임 트레일러 제작 - 제작단계,조회수 : 362,362
과학 기술 서비스업,[HD]Mac 사용자를 위한 워드프로세서 Pages 11 Part.1,조회수 : 99,99
과학 기술 서비스업,게임 트레일러 제작 - 포스트 프로덕션,조회수 : 539,539
예술,금쪽같은 직장인을 위한 비즈니스 실무 용어사전,조회수 : 198,198
제조업,게임 포스트모템 - 마이 오아시스 포스트모템,조회수 : 322,322
건설업,디지털 시대 인생 플랜B 실행하기2 이북(ePub) 출판 창업으로 평생소득원 만들기,조회수 : 255,255
의료,게임 포스트모템 - 용사는 진행중 포스트모템,조회수 : 346,346
제조업,[HD]웹디자인기능사 자격증 따기 (필기) 2022 Part.1 디자인 일반,조회수 : 158,158
예술,게임인 인터뷰: 2. 게임 개발사 밸런스 디자인 직무,조회수 : 360,360
과학 기술 서비스업,[HD]모바일 코딩 제대로 배우기 - 기초 (2022) Part.1,조회수 : 184,184
건설업,게임인 인터뷰: 3. 게임 개발사 프로그래밍 직무,조회수 : 424,424
건설업,중장년 유튜브 새내기를 위한 유튜브 크리에이터 입문과정,조회수 : 470,470
마케팅,게임인 인터뷰: 4. 게임 퍼블리셔 소싱 직무,조회수 : 386,386
제조업,[소확성] 롱런을 위한 원픽 투자처 내 몸에 투자하라,조회수 : 37,37
의료,게임인 인터뷰: 5. 게임 운영사 서비스 운영 직무,조회수 : 446,446
과학 기술 서비스업,게임인 인터뷰: 7. 인디개발사 게임기획 직무,조회수 : 401,401
제조업,계약서의 심화학습1 - 원천창작자를 위한 글로벌 계약서 작성법,조회수 : 323,323
건설업,계약서의 심화학습2 - 원천창작자를 위한 글로벌 계약서 작성법,조회수 : 349,349
과학 기술 서비스업,공연에서의 뉴미디어 테크놀로지 사용 - 뉴미디어 테크놀로지를 활용한 공연 제작,조회수 : 341,341
제조업,공연영상디자인 - 공연영상디자인에 접근하는 방법,조회수 : 523,523
정보통신,공연영상디자인 - 디스플레이 매체와 그 활용,조회수 : 432,432
건설업,공연영상디자인 - 매핑과 쇼컨트롤,조회수 : 361,361
제조업,국내·외 다큐멘터리 시장의 특징 및 접근방향 - 다큐멘터리 영화 기획과 스토리텔링,조회수 : 349,349
예술,글로벌향 포맷 기획이란? - 글로벌향 포맷 기획,조회수 : 571,571
정보통신,글로벌향 포맷의 실제 - 글로벌향 포맷 기획,조회수 : 397,397
정보통신,기초설계 - 공연 창작과 기술,조회수 : 442,442
정보통신,기타 실무 활용 - EDIUS 실무활용을 위한 이펙트 강좌,조회수 : 699,699
건설업,뉴스 소비자의 등장과 새로운 소비 방식 - 뉴스콘텐츠의 진화와 생태계,조회수 : 438,438
정보통신,다큐멘터리 영화 기획 - 다큐멘터리 영화 기획과 스토리텔링,조회수 : 409,409
제조업,동시녹음 장비와 운용 - Real Sound : 동시녹음의 세계,조회수 : 372,372
예술,동시녹음이란? - Real Sound : 동시녹음의 세계,조회수 : 488,488
건설업,마스크와 레이아웃터 활용 - EDIUS 실무활용을 위한 이펙트 강좌,조회수 : 494,494
건설업,뮤지컬 장르의 이해 - Book Musical 서사와 대본 중심의 전통적인 북 뮤지컬,조회수 : 360,360
제조업,뮤지컬 장르의 이해 - Sung-through Musical,조회수 : 416,416
의료,뮤지컬 장르의 이해 - 창작 뮤지컬 Vs. 라이선스 뮤지컬,조회수 : 402,402
제조업,발전된 배리어프리 서비스를 위하여- 모두를 위한 즐거움 - 콘텐츠산업 내 배리어프리,조회수 : 365,365
건설업,방송프로그램 방영권 구매 표준계약서 바로 알기 - 표준계약서 사용지침,조회수 : 340,340
건설업,방송프로그램 제작 표준계약서 바로 알기 - 표준계약서 사용지침,조회수 : 342,342
제조업,배리어프리 관련 직업탐구 1 - 콘텐츠산업 내 배리어프리 - 발전된 배리어프리 서비스를 위하여,조회수 : 469,469
과학 기술 서비스업,배리어프리 사례 알아보기 1 - 영화 - 모두를 위한 즐거움 - 콘텐츠산업 내 배리어프리,조회수 : 313,313
과학 기술 서비스업,배리어프리 사례 알아보기 2 - 연극/공연 - 모두를 위한 즐거움 - 콘텐츠산업 내 배리어프리,조회수 : 795,795
제조업,배리어프리 사례 알아보기 3 - 기타 - 모두를 위한 즐거움 - 콘텐츠산업 내 배리어프리,조회수 : 340,340
과학 기술 서비스업,배리어프리 서비스를 위한 법규정 알아보기 - 모두를 위한 즐거움 - 콘텐츠산업 내 배리어프리,조회수 : 414,414
정보통신,배리어프리란? - 모두를 위한 즐거움 - 콘텐츠산업 내 배리어프리,조회수 : 323,323
건설업,사운드 엔진에 적용과 출시 그 후 - 게임 사운드 디자인,조회수 : 350,350
과학 기술 서비스업,세부설계 및 제작 - 공연 창작과 기술,조회수 : 292,292
제조업,시선을 사로잡는 힘 공연 무대의 비밀 - 무대 속에 스며든 예술 무대 디자인 A-Z,조회수 : 384,384
건설업,가상자산으로 제2의 월급만들기,조회수 : 99,99
정보통신,시선을 사로잡는 힘 공연 무대의 비밀 - 정서적 묘사 vs 사실적 묘사 그 사이! - 상처로 둘러싸인 두 세계 <웃는 남자>,조회수 : 370,370
정보통신,4050세대가 직장에서 MZ세대와 행복하게 일하는 방법,조회수 : 170,170
제조업,실시간 게임의 이해 <이스> - 장르별 대표 사례로 보는 게임 기획,조회수 : 306,306
공급업,[HD]공공 데이터 (오픈 데이터) API 제대로 배우기 Part.1 JSON 데이터 처리,조회수 : 160,160
제조업,자신 있게 체결하는 게임 퍼블리싱 계약 - 수익의 분배와 비용의 부담,조회수 : 293,293
건설업,[HD]Mac 사용자를 위한 워드프로세서 Pages 11 Part.2,조회수 : 120,120
정보통신,자신 있게 체결하는 게임 퍼블리싱 계약 - 지식재산권과 데이터베이스의 귀속,조회수 : 436,436
마케팅,비전공 기획자 및 관리자를 위한 IT 필수 지식,조회수 : 90,90
의료,자신 있게 체결하는 게임 퍼블리싱 계약 - 퍼블리셔의 권한 범위 설정하기,조회수 : 333,333
의료,소자본으로 1년만에 월500 버는 1인 학원 원장되기,조회수 : 177,177
건설업,제어와 운용 - 공연 창작과 기술,조회수 : 275,275
제조업,[HD]웹디자인기능사 자격증 따기 (필기) 2022 Part.2 인터넷 일반,조회수 : 83,83
건설업,중국에서 한국 프로그램 저작권 보호 방안,조회수 : 336,336
제조업,[HD]모바일 코딩 제대로 배우기 - 기초 (2022) Part.2,조회수 : 80,80
건설업,콘텐츠 내 세계관과 캐릭터 확장,조회수 : 369,369
건설업,하루30분 나도 유튜버,조회수 : 130,130
제조업,표준계약서 - 방송작가집필 표준계약서 바로 알기,조회수 : 418,418
건설업,이젠 나도 뭔가 연주할 수 있다!,조회수 : 270,270
운수 및 창고업,궁금한 내용만 쏙쏙! 반드시 알아야 할 세금상식(이형석),조회수 : 590,590
제조업,[소확성] 일잘러 vs 말잘러 무엇이 중할까?,조회수 : 217,217
건설업,[HD]공공 데이터 (오픈 데이터) API 제대로 배우기 Part.3 Python,조회수 : 53,53
제조업,[HD]Mac 사용자를 위한 인터넷 브라우져 Safari(사파리) 제대로 배우기,조회수 : 101,101
운수 및 창고업,뿌듯한 하루를 만드는 삶의 시스템 만들기 (with Notion),조회수 : 273,273
제조업,퇴직 후 전문분야 강사로 살아가기,조회수 : 781,781
건설업,[HD]웹디자인기능사 자격증 따기 (필기) 2022 Part.3 웹그래픽 일반,조회수 : 68,68
과학 기술 서비스업,[HD]모바일 코딩 제대로 배우기 - 중급 (2023) Part.1,조회수 : 62,62
제조업,트렌드세터가 선택하는 멀티컬쳐_ 도해주대리 어디가? 대만편,조회수 : 22,22
건설업,문요한의 살아갈 힘을 주는 휴식,조회수 : 100,100
마케팅,뭘 해도 잘되는 4050의 말투,조회수 : 138,138
제조업,[HD]공공 데이터 (오픈 데이터) API 제대로 배우기 Part.4 API와 DB,조회수 : 43,43
예술,[HD]Mac 사용자를 위한 프레젠테이션 Keynote 11 Part.1,조회수 : 31,31
과학 기술 서비스업,사업타당성 및 경제성분석(입문),조회수 : 362,362
의료,[HD]언택트창업 쿠팡으로 돈벌기 Part.1 마켓플레이스,조회수 : 145,145
운수 및 창고업,[HD]웹디자인기능사 자격증 따기 (필기) 2022 Part.4 기출문제 풀이,조회수 : 54,54
건설업,[HD]모바일 코딩 제대로 배우기 - 중급 (2023) Part.2,조회수 : 66,66
공급업,트렌드세터가 선택하는 멀티컬쳐_ 도해주대리 어디가? 베트남편,조회수 : 41,41
정보통신,살아갈 힘을 주는 쉼표,조회수 : 509,509
마케팅,(리프레시) 핵심만 콕! 서비스 기초와 고객응대 스킬,조회수 : 248,248
정보통신,[HD]공공데이터를 활용한 파이썬 데이터 분석 제대로 배우기,조회수 : 149,149
운수 및 창고업,[HD]Mac 사용자를 위한 프레젠테이션 Keynote 11 Part.2,조회수 : 65,65
건설업,아는 만큼 절세할 수 있는 가산세 실무(진성규),조회수 : 66,66
예술,왕초보도 쉽게 만들 수 있는 스마트스토어 창업하기,조회수 : 364,364
건설업,[HD]정보처리기능사 실기 1과목 응용SW기초 기술 활용 (2023년개정),조회수 : 116,116
의료,Arduino(아두이노)로 배우는 코딩 (활용) Part.1,조회수 : 188,188
정보통신,트렌드세터가 선택하는 멀티컬쳐_ 도해주대리 어디가? 인도네시아편,조회수 : 23,23
정보통신,중장년 건강한 삶을 위한 명상과 실습,조회수 : 186,186
건설업,2030처럼 쿨하게 4050답게 지혜로운 균형의 소통법,조회수 : 128,128
과학 기술 서비스업,[HD]예제로 공부하는 Java (자바) 100 문제풀이 Part.1 환경설정 변수,조회수 : 55,55
건설업,한 번에 통과되는 최강 보고법,조회수 : 188,188
운수 및 창고업,창업성공 10가지 비책,조회수 : 163,163
마케팅,[HD]정보처리기능사 실기 2과목 프로그래밍언어 활용 (2023년개정) Part.3 Python,조회수 : 55,55
제조업,Arduino(아두이노)로 배우는 코딩 (활용) Part.2,조회수 : 50,50
마케팅,트렌드세터가 선택하는 멀티컬쳐_ 도해주대리 어디가? 일본편,조회수 : 76,76
과학 기술 서비스업,100세 시대 건강도 경영하라,조회수 : 75,75
과학 기술 서비스업,The Goal : 묻고 답하다,조회수 : 217,217
공급업,[HD]예제로 공부하는 Java (자바) 100 문제풀이 Part.10 컬렉션 패키지,조회수 : 24,24
의료,핵심만 콕 PLUS! 프레젠테이션과 기획력,조회수 : 86,86
운수 및 창고업,중장년 투잡(예비)창업자를 위한 지식재산권의 기초 및 필요성,조회수 : 150,150
과학 기술 서비스업,[HD]정보처리기능사 실기 2과목 프로그래밍언어 활용 (2023년개정) Part.4 알고리즘 1,조회수 : 26,26
건설업,[HD]Django(장고) 프레임워크 제대로 배우기 (활용-실전 앱개발) Part.1 회원관리 App,조회수 : 70,70
의료,트렌드세터가 선택하는 멀티컬쳐_ 도해주대리 어디가? 중국편,조회수 : 46,46
공급업,100세 시대 돈 관리법,조회수 : 142,142
마케팅,[CX] 고객접점 종사 실무자를 위한 미세 마음 상처 처방전,조회수 : 146,146
제조업,[HD]예제로 공부하는 Java (자바) 100 문제풀이 Part.2 자료형 연산자,조회수 : 30,30
건설업,누구나 단 하루만에 Zoom(줌)으로 프로강사 되는 법,조회수 : 114,114
운수 및 창고업,갑이되는 프랜차이즈 가맹점 창업,조회수 : 52,52
제조업,[HD]정보처리기능사 실기 2과목 프로그래밍언어 활용 (2023년개정) Part.5 알고리즘 2,조회수 : 35,35
제조업,[HD]Django(장고) 프레임워크 제대로 배우기 (활용-실전 앱개발) Part.2 검색 및 키워드 필터링,조회수 : 21,21
제조업,트렌드세터가 선택하는 멀티컬쳐_ 도해주대리 어디가? 태국편,조회수 : 13,13
공급업,1등 기업 주식으로 경제적 자유 이루는 투자 방법,조회수 : 217,217
건설업,[CX] 고객접점 종사 실무자를 위한 서비스 디자인 씽킹,조회수 : 116,116
제조업,[HD]예제로 공부하는 Java (자바) 100 문제풀이 Part.3 조건문 반복문,조회수 : 23,23
예술,[직무 새로고침] 원가를 알면 비즈니스가 通한다,조회수 : 84,84
정보통신,누구나 집에서 피부에 좋은 건강한 천연비누 만드는 법,조회수 : 177,177
운수 및 창고업,[HD]정보처리기능사 실기 2과목 프로그래밍언어 활용 (2023년개정) Part.6 알고리즘 3,조회수 : 26,26
제조업,[HD]Django(장고) 프레임워크 제대로 배우기 (활용-실전 앱개발) Part.3 설문조사 App 1,조회수 : 30,30
운수 및 창고업,하루 5분 투자로 신체나이 10년 젊어지는 헬스케어 운동비법,조회수 : 304,304
건설업,40대가 알아두어야 할 보험회사 / 보험설계사들의 꼼수,조회수 : 141,141
제조업,[CX] 고객접점 종사 실무자를 위한 친절보다 친밀감!! 친밀감 감~~잡다,조회수 : 110,110
정보통신,[HD]예제로 공부하는 Java (자바) 100 문제풀이 Part.4 배열,조회수 : 34,34
건설업,[직무 새로고침] 재무제표를 알면 비즈니스가 通한다,조회수 : 181,181
제조업,색연필수채화 입문 [모두의 행운그림],조회수 : 254,254
의료,[HD]정보처리기능사 실기 3과목 애플리케이션 테스트 수행 (2023년개정),조회수 : 44,44
제조업,[HD]Django(장고) 프레임워크 제대로 배우기 (활용-실전 앱개발) Part.3 설문조사 App 2,조회수 : 20,20
정보통신,[Hello DT!] 슈퍼앱 전성시대 너 하나면 돼!,조회수 : 41,41
제조업,[Hello DT!] 뉴노멀 시대의 CS 이노베이션 - 스킬업,조회수 : 90,90
정보통신,[HD]예제로 공부하는 Java (자바) 100 문제풀이 Part.5 함수,조회수 : 16,16
제조업,비전공 IT 사업 발주 및 관리 업무 담당자를 위한 필수지식,조회수 : 90,90
과학 기술 서비스업,색으로 물드는 힐링time 수채일러스트와 캘리의 만남,조회수 : 154,154
건설업,[HD]정보처리기능사 실기 4과목 SQL활용 (2023년개정),조회수 : 90,90
제조업,[HD]Django(장고) 프레임워크 제대로 배우기 (활용-실전 앱개발) Part.4 디자인 및 관리자모드 커스터마이징 1,조회수 : 31,31
정보통신,[소확성] 김민식 PD와 함께 준비하는 은퇴 마인드 컨트롤,조회수 : 67,67
건설업,[Hello DT!] 뉴노멀 시대의 CS 이노베이션 - 전략,조회수 : 45,45
제조업,[HD]예제로 공부하는 Java (자바) 100 문제풀이 Part.6 OOP1,조회수 : 6,6
운수 및 창고업,실무 중심으로 배우는 Keynotes (2022) 활용 제대로 배우기 Part.1,조회수 : 52,52
운수 및 창고업,수채화 유화보다 쉬운 - 아크릴화 [색칠법 10 10],조회수 : 161,161
제조업,[HD]정보처리기능사 필기 3과목 PC운영체제 (2023년개정),조회수 : 72,72
마케팅,[HD]Django(장고) 프레임워크 제대로 배우기 (활용-실전 앱개발) Part.4 디자인 및 관리자모드 커스터마이징 2,조회수 : 28,28
건설업,국민연금 수령액을 높이는 방법,조회수 : 530,530
의료,[Hello DT!] 뉴노멀 시대의 CS 이노베이션 - 종합편,조회수 : 77,77
제조업,[HD]예제로 공부하는 Java (자바) 100 문제풀이 Part.7 OOP2,조회수 : 4,4
제조업,실무 중심으로 배우는 Keynotes (2022) 활용 제대로 배우기 Part.2,조회수 : 37,37
제조업,일상이 작품이 되는 감성 펜 캘리그라피,조회수 : 207,207
마케팅,[HD]정보처리기능사 필기 4과목 정보통신일반 (2023년개정),조회수 : 142,142
운수 및 창고업,[HD]Django(장고) 프레임워크 제대로 배우기 (활용-실전 앱개발) Part.5 FBV vs CBV 1,조회수 : 33,33
정보통신,농부에게 듣는 농지연금 길라잡이,조회수 : 192,192
건설업,[소확성] 킬러 씽킹 엔진으로 고객가치를 창출하라,조회수 : 32,32
마케팅,[HD]예제로 공부하는 Java (자바) 100 문제풀이 Part.8 알고리즘,조회수 : 47,47
예술,일잘러들은 협업툴을 쓴다[알로 플로우편],조회수 : 80,80
건설업,입문자도 집에서 쉽게 따라할 수 있는 홈베이킹 2주 완성!,조회수 : 138,138
운수 및 창고업,[HD]정보처리기능사 필기 5과목 기출문제 (2023년개정),조회수 : 63,63
마케팅,[HD]Django(장고) 프레임워크 제대로 배우기 (활용-실전 앱개발) Part.5 FBV vs CBV 2 (完),조회수 : 45,45
제조업,딱 이것만 알아도 돈 버는 부동산 투자 필수지식 8가지,조회수 : 206,206
건설업,[전문가 대담] 진화하는 블랙컨슈머에 대비하라,조회수 : 51,51
의료,[HD]예제로 공부하는 Java (자바) 100 문제풀이 Part.9 자격증(COS Pro 2급),조회수 : 44,44
의료,일잘러를 위한 IT 프로젝트,조회수 : 205,205
제조업,취미가 수익이 되는 감성 펜 캘리그라피,조회수 : 313,313
정보통신,백이면 백 다 합격할 수 있는 지게차 + 굴삭기 자격증 꿀팁,조회수 : 441,441
마케팅,[HD]No code(노코드)! AppSheet(앱시트)로 코딩없이 전문가 수준 앱 만들기 (입문) Part.4 앱 꾸미기,조회수 : 55,55
의료,부자 되는 금융 심리 - 가상자산/금융상품 편,조회수 : 123,123
의료,블랙컨슈머 새로고침,조회수 : 95,95
의료,[HD]예제로 공부하는 Python 100 문제풀이 Part.1 변수 자료형,조회수 : 72,72
정보통신,핵심만 콕! 쉽고 빠르게 실천하는 스마트워크,조회수 : 80,80
운수 및 창고업,크라우드 펀딩을 이용한 내 아이디어 사업화,조회수 : 127,127
제조업,[HD]No code(노코드)! AppSheet(앱시트)로 코딩없이 전문가 수준 앱 만들기 (중급 활용) Part.1 - Markdown HTML,조회수 : 51,51
건설업,사례로 보고 따라하는 경매투자(토지다가구편),조회수 : 186,186
의료,비대면 시대 지치지 않고 살아가는 법,조회수 : 46,46
의료,[HD]예제로 공부하는 Python 100 문제풀이 Part.2 연산자 조건문 반복문,조회수 : 21,21
제조업,궁금타파! 핵심만 골라 배우는 비즈니스 경제지표,조회수 : 35,35
예술,[HD]언택트창업 쿠팡으로 돈벌기 Part.2 제휴마케팅(파트너스),조회수 : 110,110
공급업,[HD]No code(노코드)! AppSheet(앱시트)로 코딩없이 전문가 수준 앱 만들기 (중급 활용) Part.2 - Tip,조회수 : 31,31
마케팅,세무사도 알려주지 않는 실제 사업자의 절세 시스템 만들기,조회수 : 210,210
제조업,비대면 채널 CS 엑스퍼트,조회수 : 113,113
운수 및 창고업,[HD]예제로 공부하는 Python 100 문제풀이 Part.3 배열,조회수 : 28,28
건설업,만화로 배우는 비즈니스 스쿨 - 경영전략(입문),조회수 : 47,47
마케팅,[HD]No code(노코드)! AppSheet(앱시트)로 코딩없이 전문가 수준 앱 만들기 (중급 활용) Part.3 - 이미지와 동영상,조회수 : 40,40
제조업,정의(定義) - 자기애 행복에 관한 본질적 질문,조회수 : 84,84
의료,스트리트 FAN 파이터,조회수 : 64,64
공급업,[HD]예제로 공부하는 Python 100 문제풀이 Part.4 함수,조회수 : 18,18
건설업,만화로 배우는 비즈니스 스쿨 - 관리회계(입문),조회수 : 87,87
정보통신,[HD]No code(노코드)! AppSheet(앱시트)로 코딩없이 전문가 수준 앱 만들기 (중급 활용) Part.4 - 관계를 이용한 앱 만들기,조회수 : 52,52
정보통신,쫓기지 않는 50대를 위한 평생습관 만들기 비밀,조회수 : 232,232
건설업,알아두면 쓸데있는 CX 잡학상식 알쓸CX잡,조회수 : 43,43
정보통신,[HD]예제로 공부하는 Python 100 문제풀이 Part.5 OOP,조회수 : 20,20
운수 및 창고업,만화로 배우는 비즈니스 스쿨 - 글로벌경영(입문),조회수 : 13,13
공급업,[HD]매력적인 Mac 동영상 편집 프로그램 iMovie 2021,조회수 : 96,96
건설업,40대에 시작하는 은퇴 노후 준비하는 부동산 재테크 강의,조회수 : 306,306
의료,어느 순간 멈췄다고 생각된다면 : 성장질문,조회수 : 248,248
공급업,[HD]예제로 공부하는 Python 100 문제풀이 Part.6 알고리즘 문자열 모듈 자격증대비,조회수 : 39,39
과학 기술 서비스업,만화로 배우는 비즈니스 스쿨 - 마케팅관리(입문),조회수 : 33,33
제조업,[HD]쉽게 배우는 영상편집 iMovie 2023,조회수 : 68,68
정보통신,100세 시대 죽음을 준비하는 법,조회수 : 123,123
마케팅,언택트? 온택트! 우리가 일하는 방법[게더타운 + 온라인 회의 편],조회수 : 69,69
의료,[전사원 UP!] 빅데이터로 관통하는 4차산업의 미래,조회수 : 78,78
제조업,만화로 배우는 비즈니스 스쿨 - 재무관리(입문),조회수 : 53,53
건설업,[HD]쉽게 배우는 인디자인 CC 2021 Part.1 기초,조회수 : 223,223
제조업,[소확성] 빅히트를 만드는 KPOP 산업 인사이드 스토리,조회수 : 38,38
마케팅,회사는 싫어도 일은 잘하고 싶어,조회수 : 192,192
공급업,만화로 배우는 비즈니스 스쿨 - 회계원리(입문),조회수 : 192,192
정보통신,[HD]쉽게 배우는 인디자인 CC 2021 Part.2 활용1 (기능 다이어리 캘린터 명함 CI),조회수 : 105,105
건설업,개인사업자를 위한 당신만 몰랐던 절세 꿀팁,조회수 : 98,98
건설업,[소확성] 뇌 과학자가 들려주는 인간관계 몰입과 창의성 이야기,조회수 : 93,93
운수 및 창고업,보통 직장인을 위한 비즈니스 역량 18가지,조회수 : 174,174
공급업,[HD]쉽게 배우는 인디자인 CC 2021 Part.2 활용2 (브로셔 북커버 잡지 메뉴판 편집 모바일),조회수 : 86,86
공급업,뉴노멀 60대를 위한 노멀 50대의 새로운 준비들,조회수 : 278,278
건설업,[소확성] 프로필 시대를 살아가는 우리를 위한 얼굴소통법,조회수 : 86,86
건설업,업무의 주도권을 내게로 끌어오는 시간관리,조회수 : 107,107
과학 기술 서비스업,[HD]처음 사용자를 위한 Premiere Pro(프리미어 프로) 제대로 배우기 (기초),조회수 : 122,122
건설업,모르면 나만 바보 되는 부동산 투자 상식,조회수 : 327,327
예술,관계의 해법은 이직이 아니다,조회수 : 91,91
의료,[코딩]재미있게 배우는 코딩의 시작 - 앱 인벤터 재대로 배우기 (고급) 2022 - AI (인공지능),조회수 : 220,220
제조업,미지의 Z : 요즘 것들 연구소,조회수 : 81,81
건설업,급변하는 시대! 중년의 생존전략,조회수 : 59,59
예술,[코딩]재미있게 배우는 코딩의 시작 - 앱 인벤터 재대로 배우기 (중급) 2022,조회수 : 54,54
과학 기술 서비스업,상린이의 대박 상가투자 기초편,조회수 : 145,145
제조업,나의 능력을 10배 높여주는 메모의 기술,조회수 : 153,153
건설업,[코딩]재미있게 배우는 코딩의 시작 - 앱 인벤터 재대로 배우기 (초급) 2022,조회수 : 143,143
마케팅,서재걸 원장의 100세 건강전략,조회수 : 275,275
공급업,핵심만 콕! 뉴노멀 시대의 커뮤니케이션 스킬,조회수 : 46,46
건설업,[HD]UI UX 프로토타입을 위한 Figma (피그마) 강의노트 Part.1,조회수 : 163,163
의료,선택이 아닌 필수! 전 직원이 알아야 할 블록체인,조회수 : 57,57
제조업,핵심만 콕! 원하는 결과를 이끌어내는 협상의 필살기,조회수 : 93,93
건설업,[HD]UI UX 프로토타입을 위한 Figma (피그마) 강의노트 Part.2,조회수 : 88,88
공급업,쇼핑몰 전문 세무사의 금쪽 상담소,조회수 : 60,60
정보통신,[HD]초보자를 위한 AutoCAD 2D 기본 명령어 배우기 (2021버전),조회수 : 74,74
과학 기술 서비스업,어른이의 돈 되는 생활,조회수 : 252,252
예술,[HD]초보자를 위한 AutoCAD 3D 기본 명령어 배우기 (2021버전),조회수 : 32,32
마케팅,요즘 애들 머니 트레이닝,조회수 : 54,54
건설업,의사가 직접 알려주는 40~50대 여성을 위한 한달만에 쉽고 건강하게 5KG 빼는 법,조회수 : 210,210
건설업,인생 제 2막 은퇴 1년 전 현금 흐름 만들기,조회수 : 107,107
제조업,중년 여성의 떨어진 활력과 체력을 빠르게 충전하는 비법,조회수 : 114,114
과학 기술 서비스업,직장인을 위한 머니 파이프라인 만들기,조회수 : 101,101
제조업,언택트 워킹 일 잘하는 사람의 기준이 달라지다,조회수 : 83,83
제조업,챗봇 시대의 일머리 문해력이 답이다!,조회수 : 223,223
마케팅,100세시대 무병장수를 위한 슬기로운 영양제 생활,조회수 : 84,84
건설업,4050세대가 반드시 풀어야 할 은퇴 숙제,조회수 : 92,92
운수 및 창고업,4차 산업시대의 성공적인 비즈니스를 위한 사물인터넷,조회수 : 38,38
건설업,4차산업혁명 요소기술과 디지털 트랜스포메이션,조회수 : 19,19
건설업,4차산업혁명의 본질과 미래,조회수 : 46,46
정보통신,NEXT LEVEL! 전사원 필수 디지털융합 4차산업혁명,조회수 : 34,34
제조업,[HD]IT 트렌드 - NFT(대체 불가능 토큰 Non-fungible token) 란 무엇이고 그 활용 사례,조회수 : 57,57
제조업,[HD]IT 트렌드 - 다오(DAO decentralized autonomous organization 탈중앙화 자율조직)은 무엇이고 그 활용 사례,조회수 : 40,40
마케팅,[HD]IT 트렌드 - 디파이(De-Fi 분산금융시스템)의 정의와 그 활용 사례,조회수 : 21,21
제조업,[HD]IT 트렌드 - 웹3 의 시대가 온다. 웹3는 무엇이고 그 역사 등과 활용 사례,조회수 : 34,34
정보통신,[Hello DT!] NFT와 디지털 생태계 혁명,조회수 : 42,42
공급업,[Hello DT!] 구글러 조용민 특강! 구글이 바꾸는 미래,조회수 : 105,105
건설업,[Hello DT!] 디지털 트랜스포메이션으로 혁신하라 넷플릭스,조회수 : 18,18
공급업,[Hello DT!] 사례로 보는 디지털 고객경험 디자인,조회수 : 22,22
예술,[Hello DT!] 사례로 보는 디지털 고객경험의 법칙,조회수 : 8,8
제조업,나도 이제 건물주! 건물 짓기 누구나 할 수 있다!,조회수 : 77,77
공급업,농지 투자의 방법과 세금 혜택,조회수 : 70,70
마케팅,누구나 쉽게 3D펜 배우기,조회수 : 179,179
제조업,다락방 아이를 강남 3구 집주인으로 만들어 준 부동산 재테크 투자 전략,조회수 : 109,109
마케팅,다주택자가 되기 전 반드시 알아야 할 3가지!,조회수 : 121,121
과학 기술 서비스업,다주택자가 조심해야 하는 세금들,조회수 : 83,83
예술,당신의 안전한 은퇴 및 노후를 위한 수익형부동산 투자 길라잡이,조회수 : 136,136
건설업,당신의 인생 변호사 부동산과 돈을 확실하게 지키는 핵심 비법!,조회수 : 97,97
마케팅,등기와 보전처분 - 등기부등본과 건축물 토지대장,조회수 : 64,64
운수 및 창고업,디지털 혁명을 일으켜라 사물인터넷이 바꾸는 세상과 미래,조회수 : 45,45
제조업,디지털자산 NFT,조회수 : 74,74
제조업,미국 부동산 구입과 투자 A 부터 Z 까지,조회수 : 73,73
건설업,배테랑 세무사에게 배우는 개인/법인 결산 노하우,조회수 : 193,193
의료,법인세 조세감면과 세액공제 활용 전략,조회수 : 64,64
마케팅,블록체인과 핀테크,조회수 : 93,93
운수 및 창고업,사금융업의 노하우 공개,조회수 : 58,58
제조업,아파트와 상가를 뛰어넘는 수익률 펫부동산 시장!,조회수 : 197,197
건설업,전사원이 알아야 할 디지털 시대의 고객중심경영,조회수 : 63,63
마케팅,전사원이 학습하는 사물인터넷과 4차산업의 미래,조회수 : 28,28
예술,주택 취득 자금조달계획서 어떻게 쓰고 계세요?,조회수 : 40,40
건설업,중독경제의 시대,조회수 : 318,318
제조업,집에서도 돈버는 중개사,조회수 : 272,272
정보통신,한변호사와 함께하는 토지경매1,조회수 : 133,133
건설업,한변호사와 함께하는 토지경매2,조회수 : 57,57
건설업,한변호사와 함께하는 토지경매3,조회수 : 66,66
마케팅,핵심만 콕! 은퇴 준비와 은퇴 설계,조회수 : 95,95
제조업,『상임법』 알고 상가 투자하라,조회수 : 30,30
건설업,감정평가사가 객관적으로 말해주는 재개발재건축,조회수 : 336,336
과학 기술 서비스업,나도 부동산 한번 해볼까? 부동산 시작시 꼭 알아야할 부동산 가이드,조회수 : 225,225
제조업,내 재산을 지키는 방법 - 기획부동산과 경매 필수 지식,조회수 : 158,158
운수 및 창고업,인생2막 생애설계(코칭),조회수 : 284,284
정보통신,자기답게 행복한 삶을 사는 법 [자기다운 삶 편],조회수 : 122,122
건설업,자기답게 행복한 삶을 사는 법 [자기다운 일 편],조회수 : 134,134
제조업,자기답게 행복한 삶을 사는 법 [자기다움 편],조회수 : 143,143
건설업,쫓기지 않는 50대를 사는 법,조회수 : 184,184
제조업,챗GPT로 날로 먹는 콘텐츠 마케팅 자동화1-챗GPT 100배 활용 비법+내 업무 학습시켜 자동화를 위한 GPTs,조회수 : 1395,1395
공급업,금쪽같은 빅데이터,조회수 : 233,233
